trade_id,counterparty,product,trade_date,amount,currency
TRD-1001,BNP Paribas,IRS,2026-08-03,1250000.00,EUR
TRD-1002,Societe Generale,FX Forward,2026-08-03,875400.50,USD
TRD-1003,HSBC,Equity Swap,2026-08-03,432100.00,GBP
TRD-1004,Deutsche Bank,IRS,2026-08-04,2100000.00,EUR
TRD-1005,Barclays,CDS,2026-08-04,560000.00,USD
TRD-1006,Credit Agricole,FX Spot,2026-08-04,98750.25,EUR
TRD-1007,JP Morgan,IRS,2026-08-05,3400000.00,USD
TRD-1008,Natixis,Bond Future,2026-08-05,725000.00,EUR
TRD-1009,UBS,Equity Swap,2026-08-05,1150000.00,CHF
TRD-1010,BNP Paribas,FX Forward,2026-08-06,640300.75,USD
TRD-1011,Santander,IRS,2026-08-06,1875000.00,EUR
TRD-1012,HSBC,CDS,2026-08-06,410000.00,GBP
TRD-1013,Goldman Sachs,Bond Future,2026-08-07,2950000.00,USD
TRD-1014,Societe Generale,FX Spot,2026-08-07,152800.00,EUR
TRD-1015,Deutsche Bank,Equity Swap,2026-08-07,880000.00,EUR
TRD-1016,Barclays,IRS,2026-08-10,1420000.00,GBP
TRD-1017,Credit Agricole,FX Forward,2026-08-10,367250.40,USD
TRD-1018,JP Morgan,CDS,2026-08-10,1030000.00,USD
TRD-1019,Natixis,IRS,2026-08-11,690000.00,EUR
TRD-1020,UBS,Bond Future,2026-08-11,2240000.00,CHF
TRD-1021,BNP Paribas,Equity Swap,2026-08-11,505000.00,EUR
TRD-1022,Santander,FX Spot,2026-08-12,79900.00,EUR
TRD-1023,HSBC,IRS,2026-08-12,3120000.00,GBP
TRD-1024,Goldman Sachs,FX Forward,2026-08-12,1460500.00,USD
TRD-1025,Societe Generale,CDS,2026-08-13,845000.00,EUR
TRD-1026,Deutsche Bank,Bond Future,2026-08-13,1990000.00,EUR
TRD-1027,Barclays,Equity Swap,2026-08-13,612000.00,GBP
TRD-1028,Credit Agricole,IRS,2026-08-14,2750000.00,EUR
TRD-1029,JP Morgan,FX Spot,2026-08-14,224600.00,USD
TRD-1030,Natixis,CDS,2026-08-14,930000.00,EUR
