run_id,run_date,run_timestamp,total_transactions,matched_count,breaks_count,match_rate,total_break_amount,est_derniere_du_jour
20260902_131647,2026-09-02,2026-09-02 13:16:47,34,22,12,64.71,5167950.8,0
20260902_131812,2026-09-02,2026-09-02 13:18:12,34,22,12,64.71,5167950.8,0
20260902_131814,2026-09-02,2026-09-02 13:18:14,34,22,12,64.71,5167950.8,0
20260902_131817,2026-09-02,2026-09-02 13:18:17,34,22,12,64.71,5167950.8,0
20260902_132303,2026-09-02,2026-09-02 13:23:03,34,22,12,64.71,5167950.8,0
20260902_132603,2026-09-02,2026-09-02 13:26:03,34,22,12,64.71,5167950.8,0
20260902_140322,2026-09-02,2026-09-02 14:03:22,34,22,12,64.71,5167950.8,0
20260902_145137,2026-09-02,2026-09-02 14:51:37,34,22,12,64.71,5167950.8,0
20260902_145359,2026-09-02,2026-09-02 14:53:59,34,22,12,64.71,5167950.8,0
20260902_145539,2026-09-02,2026-09-02 14:55:39,34,22,12,64.71,5167950.8,0
20260902_151252,2026-09-02,2026-09-02 15:12:52,34,22,12,64.71,5167950.8,0
20260902_152342,2026-09-02,2026-09-02 15:23:42,34,22,12,64.71,5167950.8,0
20260902_154736,2026-09-02,2026-09-02 15:47:36,34,22,12,64.71,5167950.8,0
20260902_160927,2026-09-02,2026-09-02 16:09:27,34,22,12,64.71,5167950.8,1
